{
  "pdf_file": "ACTROP_107866.pdf",
  "pdf_path": "/home/chellapandi/Office/overlaps-detector/pdfs/ACTROP_107866.pdf",
  "total_overlaps": 22,
  "overlaps_by_page": {
    "1": [
      {
        "char_a": "*",
        "char_b": ",",
        "overlap_percentage": {
          "overlap_area": 0.52,
          "percentage_of_char_a": 4.3,
          "percentage_of_char_b": 3.39,
          "percentage_of_union": 1.93
        },
        "position_a": {
          "x": 163.6300048828125,
          "y": 211.54969787597656,
          "width": 3.519989013671875,
          "height": 3.400315284729004
        },
        "position_b": {
          "x": 166.7550048828125,
          "y": 213.64617919921875,
          "width": 2.96588134765625,
          "height": 5.119804859161377
        }
      },
      {
        "char_a": "c",
        "char_b": ",",
        "overlap_percentage": {
          "overlap_area": 0.52,
          "percentage_of_char_a": 4.62,
          "percentage_of_char_b": 3.39,
          "percentage_of_union": 2.0
        },
        "position_a": {
          "x": 338.25201416015625,
          "y": 211.54969787597656,
          "width": 3.27923583984375,
          "height": 3.400315284729004
        },
        "position_b": {
          "x": 341.135986328125,
          "y": 213.64617919921875,
          "width": 2.96588134765625,
          "height": 5.119804859161377
        }
      },
      {
        "char_a": "c",
        "char_b": ",",
        "overlap_percentage": {
          "overlap_area": 0.52,
          "percentage_of_char_a": 4.62,
          "percentage_of_char_b": 3.39,
          "percentage_of_union": 2.0
        },
        "position_a": {
          "x": 443.4440002441406,
          "y": 211.54969787597656,
          "width": 3.27923583984375,
          "height": 3.400315284729004
        },
        "position_b": {
          "x": 446.3280029296875,
          "y": 213.64617919921875,
          "width": 2.96588134765625,
          "height": 5.119804859161377
        }
      },
      {
        "char_a": "c",
        "char_b": ",",
        "overlap_percentage": {
          "overlap_area": 0.51,
          "percentage_of_char_a": 4.61,
          "percentage_of_char_b": 3.39,
          "percentage_of_union": 1.99
        },
        "position_a": {
          "x": 153.02999877929688,
          "y": 224.54969787597656,
          "width": 3.2792205810546875,
          "height": 3.400315284729004
        },
        "position_b": {
          "x": 155.9149932861328,
          "y": 226.64617919921875,
          "width": 2.96588134765625,
          "height": 5.119804859161377
        }
      },
      {
        "char_a": "e",
        "char_b": ",",
        "overlap_percentage": {
          "overlap_area": 0.52,
          "percentage_of_char_a": 4.39,
          "percentage_of_char_b": 3.39,
          "percentage_of_union": 1.95
        },
        "position_a": {
          "x": 318.8580017089844,
          "y": 224.54969787597656,
          "width": 3.45098876953125,
          "height": 3.400315284729004
        },
        "position_b": {
          "x": 321.91400146484375,
          "y": 226.64617919921875,
          "width": 2.96588134765625,
          "height": 5.119804859161377
        }
      },
      {
        "char_a": "c",
        "char_b": ",",
        "overlap_percentage": {
          "overlap_area": 0.51,
          "percentage_of_char_a": 4.61,
          "percentage_of_char_b": 3.39,
          "percentage_of_union": 1.99
        },
        "position_a": {
          "x": 140.7220001220703,
          "y": 237.54969787597656,
          "width": 3.2792205810546875,
          "height": 3.400315284729004
        },
        "position_b": {
          "x": 143.60699462890625,
          "y": 239.64617919921875,
          "width": 2.96588134765625,
          "height": 5.119804859161377
        }
      },
      {
        "char_a": "*",
        "char_b": ",",
        "overlap_percentage": {
          "overlap_area": 1.29,
          "percentage_of_char_a": 10.76,
          "percentage_of_char_b": 8.48,
          "percentage_of_union": 4.98
        },
        "position_a": {
          "x": 238.1999969482422,
          "y": 237.54969787597656,
          "width": 3.519989013671875,
          "height": 3.400315284729004
        },
        "position_b": {
          "x": 240.73199462890625,
          "y": 239.64617919921875,
          "width": 2.96588134765625,
          "height": 5.119804859161377
        }
      }
    ],
    "4": [
      {
        "char_a": "/",
        "char_b": "(",
        "overlap_percentage": {
          "overlap_area": 0.49,
          "percentage_of_char_a": 1.98,
          "percentage_of_char_b": 3.29,
          "percentage_of_union": 1.25
        },
        "position_a": {
          "x": 225.18899536132812,
          "y": 170.55764770507812,
          "width": 4.7262725830078125,
          "height": 5.236362457275391
        },
        "position_b": {
          "x": 229.7830047607422,
          "y": 169.03164672851562,
          "width": 2.8453216552734375,
          "height": 5.236362457275391
        }
      },
      {
        "char_a": "b",
        "char_b": "A",
        "overlap_percentage": {
          "overlap_area": 0.45,
          "percentage_of_char_a": 2.95,
          "percentage_of_char_b": 2.15,
          "percentage_of_union": 1.26
        },
        "position_a": {
          "x": 319.2105712890625,
          "y": 170.3224334716797,
          "width": 3.922882080078125,
          "height": 3.8495631217956543
        },
        "position_b": {
          "x": 318.52301025390625,
          "y": 166.58641052246094,
          "width": 5.370269775390625,
          "height": 3.8495631217956543
        }
      },
      {
        "char_a": "e",
        "char_b": "l",
        "overlap_percentage": {
          "overlap_area": 0.27,
          "percentage_of_char_a": 2.02,
          "percentage_of_char_b": 2.95,
          "percentage_of_union": 1.21
        },
        "position_a": {
          "x": 323.1334533691406,
          "y": 170.3224334716797,
          "width": 3.4598388671875,
          "height": 3.8495631217956543
        },
        "position_b": {
          "x": 323.8932800292969,
          "y": 166.58641052246094,
          "width": 2.3663330078125,
          "height": 3.8495631217956543
        }
      },
      {
        "char_a": "r",
        "char_b": "l",
        "overlap_percentage": {
          "overlap_area": 0.23,
          "percentage_of_char_a": 2.01,
          "percentage_of_char_b": 2.53,
          "percentage_of_union": 1.13
        },
        "position_a": {
          "x": 326.5932922363281,
          "y": 170.3224334716797,
          "width": 2.9808349609375,
          "height": 3.8495631217956543
        },
        "position_b": {
          "x": 326.2596130371094,
          "y": 166.58641052246094,
          "width": 2.3663330078125,
          "height": 3.8495631217956543
        }
      },
      {
        "char_a": "o",
        "char_b": "s",
        "overlap_percentage": {
          "overlap_area": 0.35,
          "percentage_of_char_a": 2.28,
          "percentage_of_char_b": 2.9,
          "percentage_of_union": 1.3
        },
        "position_a": {
          "x": 329.5741271972656,
          "y": 170.3224334716797,
          "width": 4.032073974609375,
          "height": 3.8495631217956543
        },
        "position_b": {
          "x": 330.48297119140625,
          "y": 166.58641052246094,
          "width": 3.171295166015625,
          "height": 3.8495631217956543
        }
      },
      {
        "char_a": "f",
        "char_b": "t",
        "overlap_percentage": {
          "overlap_area": 0.31,
          "percentage_of_char_a": 1.64,
          "percentage_of_char_b": 2.95,
          "percentage_of_union": 1.06
        },
        "position_a": {
          "x": 333.606201171875,
          "y": 170.3224334716797,
          "width": 4.8760986328125,
          "height": 3.8495631217956543
        },