{
  "pdf_file": "ACTROP_107866.pdf",
  "pdf_path": "pdfs/ACTROP_107866.pdf",
  "total_overlaps": 4,
  "overlaps_by_page": {
    "4": [
      {
        "char_a": ")",
        "char_b": "l",
        "overlap_percentage": {
          "overlap_area": 0.27,
          "percentage_of_char_a": 2.72,
          "percentage_of_char_b": 6.15,
          "percentage_of_union": 1.92
        },
        "position_a": {
          "x": 379.0966149902344,
          "y": 169.55528297424317,
          "width": 2.3900830078124997,
          "height": 4.189089965820312
        },
        "position_b": {
          "x": 378.7502380371094,
          "y": 167.27933188438416,
          "width": 1.7984130859374998,
          "height": 2.463720397949219
        }
      },
      {
        "char_a": ")",
        "char_b": "y",
        "overlap_percentage": {
          "overlap_area": 0.18,
          "percentage_of_char_a": 1.78,
          "percentage_of_char_b": 1.59,
          "percentage_of_union": 0.85
        },
        "position_a": {
          "x": 379.0966149902344,
          "y": 169.55528297424317,
          "width": 2.3900830078124997,
          "height": 4.189089965820312
        },
        "position_b": {
          "x": 381.128190612793,
          "y": 166.9713668346405,
          "width": 3.6314056396484373,
          "height": 3.079650497436523
        }
      },
      {
        "char_a": "l",
        "char_b": "w",
        "overlap_percentage": {
          "overlap_area": 0.39,
          "percentage_of_char_a": 9.86,
          "percentage_of_char_b": 2.36,
          "percentage_of_union": 1.94
        },
        "position_a": {
          "x": 305.68768920898435,
          "y": 210.5423323726654,
          "width": 1.6057922363281252,
          "height": 2.463720397949219
        },
        "position_b": {
          "x": 307.0049462890625,
          "y": 208.8143844127655,
          "width": 5.368281249999999,
          "height": 3.079650497436523
        }
      },
      {
        "char_a": "e",
        "char_b": "w",
        "overlap_percentage": {
          "overlap_area": 4.94,
          "percentage_of_char_a": 53.89,
          "percentage_of_char_b": 29.87,
          "percentage_of_union": 23.79
        },
        "position_a": {
          "x": 307.7892163085937,
          "y": 210.23436732292174,
          "width": 2.9754614257812495,
          "height": 3.079650497436523
        },
        "position_b": {
          "x": 307.0049462890625,
          "y": 208.8143844127655,
          "width": 5.368281249999999,
          "height": 3.079650497436523
        }
      }
    ]
  }
}