{
  "pdf_file": "CACE_108782.pdf",
  "pdf_path": "/home/chellapandi/Office/overlaps-detector/pdfs/CACE_108782.pdf",
  "total_overlaps": 21,
  "overlaps_by_page": {
    "2": [
      {
        "char_a": "\u02dc",
        "char_b": "T",
        "overlap_percentage": {
          "overlap_area": 10.15,
          "percentage_of_char_a": 42.14,
          "percentage_of_char_b": 56.06,
          "percentage_of_union": 31.67
        },
        "position_a": {
          "x": 306.9110107421875,
          "y": 397.14398193359375,
          "width": 4.584014892578125,
          "height": 5.25600004196167
        },
        "position_b": {
          "x": 306.5679931640625,
          "y": 400.06298828125,
          "width": 4.68719482421875,
          "height": 3.864000082015991
        }
      }
    ],
    "3": [
      {
        "char_a": "\u23a7",
        "char_b": "\u23aa",
        "overlap_percentage": {
          "overlap_area": 5.98,
          "percentage_of_char_a": 23.9,
          "percentage_of_char_b": 23.9,
          "percentage_of_union": 13.57
        },
        "position_a": {
          "x": 345.4320068359375,
          "y": 633.235595703125,
          "width": 4.782073974609375,
          "height": 5.236362457275391
        },
        "position_b": {
          "x": 345.4320068359375,
          "y": 637.2205810546875,
          "width": 4.782073974609375,
          "height": 5.236362457275391
        }
      },
      {
        "char_a": "\u23a8",
        "char_b": "\u23aa",
        "overlap_percentage": {
          "overlap_area": 5.98,
          "percentage_of_char_a": 23.88,
          "percentage_of_char_b": 23.88,
          "percentage_of_union": 13.56
        },
        "position_a": {
          "x": 345.4320068359375,
          "y": 648.7445678710938,
          "width": 4.782073974609375,
          "height": 5.236362457275391
        },
        "position_b": {
          "x": 345.4320068359375,
          "y": 652.7305908203125,
          "width": 4.782073974609375,
          "height": 5.236362457275391
        }
      },
      {
        "char_a": "|",
        "char_b": "|",
        "overlap_percentage": {
          "overlap_area": 3.91,
          "percentage_of_char_a": 35.09,
          "percentage_of_char_b": 35.09,
          "percentage_of_union": 21.28
        },
        "position_a": {
          "x": 359.2179870605469,
          "y": 649.5015869140625,
          "width": 2.128021240234375,
          "height": 5.236362457275391
        },
        "position_b": {
          "x": 359.2179870605469,
          "y": 652.9005737304688,
          "width": 2.128021240234375,
          "height": 5.236362457275391
        }
      },
      {
        "char_a": "|",
        "char_b": "|",
        "overlap_percentage": {
          "overlap_area": 3.91,
          "percentage_of_char_a": 35.09,
          "percentage_of_char_b": 35.09,
          "percentage_of_union": 21.28
        },
        "position_a": {
          "x": 368.760009765625,
          "y": 649.5015869140625,
          "width": 2.128021240234375,
          "height": 5.236362457275391
        },
        "position_b": {
          "x": 368.760009765625,
          "y": 652.9005737304688,
          "width": 2.128021240234375,
          "height": 5.236362457275391
        }
      },
      {
        "char_a": "\u23ab",
        "char_b": "\u23aa",
        "overlap_percentage": {
          "overlap_area": 5.98,
          "percentage_of_char_a": 23.9,
          "percentage_of_char_b": 23.9,
          "percentage_of_union": 13.57
        },
        "position_a": {
          "x": 424.61199951171875,
          "y": 633.235595703125,
          "width": 4.782073974609375,
          "height": 5.236362457275391
        },
        "position_b": {
          "x": 424.61199951171875,
          "y": 637.2205810546875,
          "width": 4.782073974609375,
          "height": 5.236362457275391
        }
      },
      {
        "char_a": "\u23ac",
        "char_b": "\u23aa",
        "overlap_percentage": {
          "overlap_area": 5.98,
          "percentage_of_char_a": 23.88,
          "percentage_of_char_b": 23.88,
          "percentage_of_union": 13.56
        },
        "position_a": {
          "x": 424.61199951171875,
          "y": 648.7445678710938,
          "width": 4.782073974609375,
          "height": 5.236362457275391
        },
        "position_b": {
          "x": 424.61199951171875,
          "y": 652.7305908203125,
          "width": 4.782073974609375,
          "height": 5.236362457275391
        }
      },
      {
        "char_a": "|",
        "char_b": "|",
        "overlap_percentage": {
          "overlap_area": 9.0,
          "percentage_of_char_a": 80.81,
          "percentage_of_char_b": 80.81,
          "percentage_of_union": 67.8
        },
        "position_a": {
          "x": 330.6940002441406,
          "y": 672.7075805664062,
          "width": 2.128021240234375,
          "height": 5.236362457275391
        },
        "position_b": {
          "x": 330.6940002441406,
          "y": 673.7125854492188,
          "width": 2.128021240234375,
          "height": 5.236362457275391
        }
      },
      {
        "char_a": "|",
        "char_b": "|",
        "overlap_percentage": {
          "overlap_area": 9.0,
          "percentage_of_char_a": 80.81,
          "percentage_of_char_b": 80.81,
          "percentage_of_union": 67.8
        },
        "position_a": {
          "x": 415.75799560546875,
          "y": 672.7075805664062,
          "width": 2.128021240234375,
          "height": 5.236362457275391
        },
        "position_b": {
          "x": 415.75799560546875,
          "y": 673.7125854492188,
          "width": 2.128021240234375,
          "height": 5.236362457275391
        }
      },
      {
        "char_a": "|",
        "char_b": "|",
        "overlap_percentage": {
          "overlap_area": 9.01,
          "percentage_of_char_a": 80.83,
          "percentage_of_char_b": 80.83,
          "percentage_of_union": 67.82
        },
        "position_a": {
          "x": 331.0929870605469,
          "y": 696.0446166992188,
          "width": 2.128021240234375,
          "height": 5.236362457275391
        },
        "position_b": {
          "x": 331.0929870605469,
          "y": 697.048583984375,
          "width": 2.128021240234375,
          "height": 5.236362457275391
        }
      },
      {
        "char_a": "|",
        "char_b": "|",
        "overlap_percentage": {
          "overlap_area": 9.01,
          "percentage_of_char_a": 80.83,
          "percentage_of_char_b": 80.83,
          "percentage_of_union": 67.82
        },
        "position_a": {
          "x": 416.156005859375,
          "y": 696.0446166992188,
          "width": 2.128021240234375,
          "height": 5.236362457275391
        },
        "position_b": {
          "x": 416.156005859375,
          "y": 697.048583984375,
          "width": 2.128021240234375,
          "height": 5.236362457275391
        }
      }
    ],
    "4": [
      {
        "char_a": "\u23a7",
        "char_b": "\u23aa",
        "overlap_percentage": {
          "overlap_area": 5.98,
          "percentage_of_char_a": 23.9,
          "percentage_of_char_b": 23.9,
          "percentage_of_union": 13.57
        },
        "position_a": {
          "x": 370.15399169921875,
          "y": 286.09564208984375,
          "width": 4.782073974609375,
          "height": 5.236362457275391
        },
        "position_b": {
          "x": 370.15399169921875,
          "y": 290.08062744140625,
          "width": 4.782073974609375,
          "height": 5.236362457275391
        }
      },
      {
        "char_a": "\u23a8",
        "char_b": "\u23aa",
        "overlap_percentage": {
          "overlap_area": 5.98,
          "percentage_of_char_a": 23.88,
          "percentage_of_char_b": 23.88,
          "percentage_of_union": 13.56
        },
        "position_a": {
          "x": 370.15399169921875,
          "y": 301.6046447753906,